{"cameraMode":{"drawMode":0,"name":"Shaded","section":"Shading Mode"},"sceneLighting":false,"audioPlay":false,"sceneViewState":{"m_AlwaysRefresh":false,"showFog":true,"showSkybox":false,"showFlares":true,"showImageEffects":true,"showParticleSystems":true,"showVisualEffectGraphs":true,"m_FxEnabled":true},"in2DMode":false,"pivot":{"x":960.7714233398438,"y":540.0564575195313,"z":-0.024074308574199678},"rotation":{"x":-0.22883401811122895,"y":-0.03299561142921448,"z":0.007769612595438957,"w":-0.9729034900665283},"size":0.9068061709403992,"orthographic":false}