{"cameraMode":{"drawMode":0,"name":"Shaded","section":"Shading Mode"},"sceneLighting":false,"audioPlay":false,"sceneViewState":{"m_AlwaysRefresh":false,"showFog":true,"showSkybox":true,"showFlares":true,"showImageEffects":true,"showParticleSystems":true,"showVisualEffectGraphs":true,"m_FxEnabled":true},"in2DMode":false,"pivot":{"x":95.5999984741211,"y":0.937999963760376,"z":15.399999618530274},"rotation":{"x":-0.025796303525567056,"y":-0.03149082884192467,"z":0.0007834808784537017,"w":-0.9992443323135376},"size":1.6057616472244263,"orthographic":false}